Symbol,Date,Value
9e9dca492a061e211740838882,2024-12-24 00:00:00,0.199
9e9dca492a061e211740838882,2024-12-24 01:00:00,0.205
9e9dca492a061e211740838882,2024-12-24 02:00:00,0.201
9e9dca492a061e211740838882,2024-12-24 03:00:00,0.199
9e9dca492a061e211740838882,2024-12-24 04:00:00,0.207
9e9dca492a061e211740838882,2024-12-24 05:00:00,0.201
9e9dca492a061e211740838882,2024-12-24 06:00:00,0.2
9e9dca492a061e211740838882,2024-12-24 07:00:00,0.203
9e9dca492a061e211740838882,2024-12-24 08:00:00,0.201
9e9dca492a061e211740838882,2024-12-24 09:00:00,0.201
9e9dca492a061e211740838882,2024-12-24 10:00:00,0.216
9e9dca492a061e211740838882,2024-12-24 11:00:00,0.218
9e9dca492a061e211740838882,2024-12-24 12:00:00,0.207
9e9dca492a061e211740838882,2024-12-24 13:00:00,0.202
9e9dca492a061e211740838882,2024-12-24 14:00:00,0.205
9e9dca492a061e211740838882,2024-12-24 15:00:00,0.204
9e9dca492a061e211740838882,2024-12-24 16:00:00,0.204
9e9dca492a061e211740838882,2024-12-24 17:00:00,0.204
9e9dca492a061e211740838882,2024-12-24 18:00:00,0.215
9e9dca492a061e211740838882,2024-12-24 19:00:00,0.198
9e9dca492a061e211740838882,2024-12-24 20:00:00,0.216
9e9dca492a061e211740838882,2024-12-24 21:00:00,0.221
9e9dca492a061e211740838882,2024-12-24 22:00:00,0.216
9e9dca492a061e211740838882,2024-12-24 23:00:00,0.214
3fd0482ebd211dd11741080835,2024-12-24 00:00:00,0.044
3fd0482ebd211dd11741080835,2024-12-24 01:00:00,0.077
3fd0482ebd211dd11741080835,2024-12-24 02:00:00,0.075
3fd0482ebd211dd11741080835,2024-12-24 03:00:00,0.074
3fd0482ebd211dd11741080835,2024-12-24 04:00:00,0.035
3fd0482ebd211dd11741080835,2024-12-24 05:00:00,0.019
3fd0482ebd211dd11741080835,2024-12-24 06:00:00,0.031
3fd0482ebd211dd11741080835,2024-12-24 07:00:00,0.151
3fd0482ebd211dd11741080835,2024-12-24 08:00:00,0.107
3fd0482ebd211dd11741080835,2024-12-24 09:00:00,0.1
3fd0482ebd211dd11741080835,2024-12-24 10:00:00,0.089
3fd0482ebd211dd11741080835,2024-12-24 11:00:00,0.09
3fd0482ebd211dd11741080835,2024-12-24 12:00:00,0.086
3fd0482ebd211dd11741080835,2024-12-24 13:00:00,0.068
3fd0482ebd211dd11741080835,2024-12-24 14:00:00,0.081
3fd0482ebd211dd11741080835,2024-12-24 15:00:00,0.103
3fd0482ebd211dd11741080835,2024-12-24 16:00:00,0.209
3fd0482ebd211dd11741080835,2024-12-24 17:00:00,0.098
3fd0482ebd211dd11741080835,2024-12-24 18:00:00,0.057
3fd0482ebd211dd11741080835,2024-12-24 19:00:00,0.072
3fd0482ebd211dd11741080835,2024-12-24 20:00:00,0.097
3fd0482ebd211dd11741080835,2024-12-24 21:00:00,0.065
3fd0482ebd211dd11741080835,2024-12-24 22:00:00,0.084
3fd0482ebd211dd11741080835,2024-12-24 23:00:00,0.12
ed9f4fcf0bfb1afa1741424674,2024-12-24 00:00:00,3.468
ed9f4fcf0bfb1afa1741424674,2024-12-24 01:00:00,3.48
ed9f4fcf0bfb1afa1741424674,2024-12-24 02:00:00,3.81
ed9f4fcf0bfb1afa1741424674,2024-12-24 03:00:00,3.197
ed9f4fcf0bfb1afa1741424674,2024-12-24 04:00:00,2.978
ed9f4fcf0bfb1afa1741424674,2024-12-24 05:00:00,2.053
ed9f4fcf0bfb1afa1741424674,2024-12-24 06:00:00,5.098
ed9f4fcf0bfb1afa1741424674,2024-12-24 07:00:00,3.965
ed9f4fcf0bfb1afa1741424674,2024-12-24 08:00:00,4.505
ed9f4fcf0bfb1afa1741424674,2024-12-24 09:00:00,3.924
ed9f4fcf0bfb1afa1741424674,2024-12-24 10:00:00,5.35
ed9f4fcf0bfb1afa1741424674,2024-12-24 11:00:00,4.441
ed9f4fcf0bfb1afa1741424674,2024-12-24 12:00:00,4.231
ed9f4fcf0bfb1afa1741424674,2024-12-24 13:00:00,8.335
ed9f4fcf0bfb1afa1741424674,2024-12-24 14:00:00,7.911
ed9f4fcf0bfb1afa1741424674,2024-12-24 15:00:00,7.359
ed9f4fcf0bfb1afa1741424674,2024-12-24 16:00:00,5.472
ed9f4fcf0bfb1afa1741424674,2024-12-24 17:00:00,7.624
ed9f4fcf0bfb1afa1741424674,2024-12-24 18:00:00,6.563
ed9f4fcf0bfb1afa1741424674,2024-12-24 19:00:00,4.57
ed9f4fcf0bfb1afa1741424674,2024-12-24 20:00:00,4.477
ed9f4fcf0bfb1afa1741424674,2024-12-24 21:00:00,3.73
ed9f4fcf0bfb1afa1741424674,2024-12-24 22:00:00,4.09
ed9f4fcf0bfb1afa1741424674,2024-12-24 23:00:00,3.102
c550bcace2429c281741504217,2024-12-24 00:00:00,0.147
c550bcace2429c281741504217,2024-12-24 01:00:00,0.273
c550bcace2429c281741504217,2024-12-24 02:00:00,0.25
c550bcace2429c281741504217,2024-12-24 03:00:00,0.274
c550bcace2429c281741504217,2024-12-24 04:00:00,0.184
c550bcace2429c281741504217,2024-12-24 05:00:00,0.138
c550bcace2429c281741504217,2024-12-24 06:00:00,0.162
c550bcace2429c281741504217,2024-12-24 07:00:00,0.374
c550bcace2429c281741504217,2024-12-24 08:00:00,0.409
c550bcace2429c281741504217,2024-12-24 09:00:00,0.626
c550bcace2429c281741504217,2024-12-24 10:00:00,0.578
c550bcace2429c281741504217,2024-12-24 11:00:00,1.592
c550bcace2429c281741504217,2024-12-24 12:00:00,0.859
c550bcace2429c281741504217,2024-12-24 13:00:00,0.81
c550bcace2429c281741504217,2024-12-24 14:00:00,0.788
c550bcace2429c281741504217,2024-12-24 15:00:00,0.674
c550bcace2429c281741504217,2024-12-24 16:00:00,0.692
c550bcace2429c281741504217,2024-12-24 17:00:00,0.62
c550bcace2429c281741504217,2024-12-24 18:00:00,0.648
c550bcace2429c281741504217,2024-12-24 19:00:00,0.604
c550bcace2429c281741504217,2024-12-24 20:00:00,0.564
c550bcace2429c281741504217,2024-12-24 21:00:00,0.402
c550bcace2429c281741504217,2024-12-24 22:00:00,0.308
c550bcace2429c281741504217,2024-12-24 23:00:00,0.268
d8cd1b7c670501c41742115495,2024-12-24 00:00:00,0.214
d8cd1b7c670501c41742115495,2024-12-24 01:00:00,0.181
d8cd1b7c670501c41742115495,2024-12-24 02:00:00,1.854
d8cd1b7c670501c41742115495,2024-12-24 03:00:00,1.481
d8cd1b7c670501c41742115495,2024-12-24 04:00:00,1.474
d8cd1b7c670501c41742115495,2024-12-24 05:00:00,1.501
d8cd1b7c670501c41742115495,2024-12-24 06:00:00,0.209
d8cd1b7c670501c41742115495,2024-12-24 07:00:00,0.292
d8cd1b7c670501c41742115495,2024-12-24 08:00:00,0.293
d8cd1b7c670501c41742115495,2024-12-24 09:00:00,0.232
d8cd1b7c670501c41742115495,2024-12-24 10:00:00,2.255
d8cd1b7c670501c41742115495,2024-12-24 11:00:00,1.141
d8cd1b7c670501c41742115495,2024-12-24 12:00:00,1.149
d8cd1b7c670501c41742115495,2024-12-24 13:00:00,1.048
d8cd1b7c670501c41742115495,2024-12-24 14:00:00,0.485
d8cd1b7c670501c41742115495,2024-12-24 15:00:00,2.294
d8cd1b7c670501c41742115495,2024-12-24 16:00:00,1.161
d8cd1b7c670501c41742115495,2024-12-24 17:00:00,0.329
d8cd1b7c670501c41742115495,2024-12-24 18:00:00,1.203
d8cd1b7c670501c41742115495,2024-12-24 19:00:00,0.312
d8cd1b7c670501c41742115495,2024-12-24 20:00:00,0.395
d8cd1b7c670501c41742115495,2024-12-24 21:00:00,0.411
d8cd1b7c670501c41742115495,2024-12-24 22:00:00,0.333
d8cd1b7c670501c41742115495,2024-12-24 23:00:00,0.299
e19ce9f7cd6985d21742127622,2024-12-24 00:00:00,0.212
e19ce9f7cd6985d21742127622,2024-12-24 01:00:00,0.57
e19ce9f7cd6985d21742127622,2024-12-24 02:00:00,0.43
e19ce9f7cd6985d21742127622,2024-12-24 03:00:00,0.6
e19ce9f7cd6985d21742127622,2024-12-24 04:00:00,0.44
e19ce9f7cd6985d21742127622,2024-12-24 05:00:00,0.46
e19ce9f7cd6985d21742127622,2024-12-24 06:00:00,0.56
e19ce9f7cd6985d21742127622,2024-12-24 07:00:00,0.44
e19ce9f7cd6985d21742127622,2024-12-24 08:00:00,0.45
e19ce9f7cd6985d21742127622,2024-12-24 09:00:00,0.57
e19ce9f7cd6985d21742127622,2024-12-24 10:00:00,0.81
e19ce9f7cd6985d21742127622,2024-12-24 11:00:00,0.192
e19ce9f7cd6985d21742127622,2024-12-24 12:00:00,0.41
e19ce9f7cd6985d21742127622,2024-12-24 13:00:00,0.55
e19ce9f7cd6985d21742127622,2024-12-24 14:00:00,0.41
e19ce9f7cd6985d21742127622,2024-12-24 15:00:00,0.46
e19ce9f7cd6985d21742127622,2024-12-24 16:00:00,0.49
e19ce9f7cd6985d21742127622,2024-12-24 17:00:00,0.41
e19ce9f7cd6985d21742127622,2024-12-24 18:00:00,0.48
e19ce9f7cd6985d21742127622,2024-12-24 19:00:00,0.46
e19ce9f7cd6985d21742127622,2024-12-24 20:00:00,0.41
e19ce9f7cd6985d21742127622,2024-12-24 21:00:00,0.5
e19ce9f7cd6985d21742127622,2024-12-24 22:00:00,0.45
e19ce9f7cd6985d21742127622,2024-12-24 23:00:00,0.39
eb18877694cc036a1742320408,2024-12-24 00:00:00,0.0
eb18877694cc036a1742320408,2024-12-24 01:00:00,0.0
eb18877694cc036a1742320408,2024-12-24 02:00:00,0.0
eb18877694cc036a1742320408,2024-12-24 03:00:00,0.0
eb18877694cc036a1742320408,2024-12-24 04:00:00,0.0
eb18877694cc036a1742320408,2024-12-24 05:00:00,0.0
eb18877694cc036a1742320408,2024-12-24 06:00:00,0.0
eb18877694cc036a1742320408,2024-12-24 07:00:00,0.0
eb18877694cc036a1742320408,2024-12-24 08:00:00,0.0
eb18877694cc036a1742320408,2024-12-24 09:00:00,0.0
eb18877694cc036a1742320408,2024-12-24 10:00:00,0.0
eb18877694cc036a1742320408,2024-12-24 11:00:00,0.0
eb18877694cc036a1742320408,2024-12-24 12:00:00,0.0
eb18877694cc036a1742320408,2024-12-24 13:00:00,0.0
eb18877694cc036a1742320408,2024-12-24 14:00:00,0.0
eb18877694cc036a1742320408,2024-12-24 15:00:00,0.0
eb18877694cc036a1742320408,2024-12-24 16:00:00,0.0
eb18877694cc036a1742320408,2024-12-24 17:00:00,0.0
eb18877694cc036a1742320408,2024-12-24 18:00:00,0.0
eb18877694cc036a1742320408,2024-12-24 19:00:00,0.0
eb18877694cc036a1742320408,2024-12-24 20:00:00,0.0
eb18877694cc036a1742320408,2024-12-24 21:00:00,0.0
eb18877694cc036a1742320408,2024-12-24 22:00:00,0.0
eb18877694cc036a1742320408,2024-12-24 23:00:00,0.0
aa9c3ce25421e6231742320435,2024-12-24 00:00:00,0.0
aa9c3ce25421e6231742320435,2024-12-24 01:00:00,0.0
aa9c3ce25421e6231742320435,2024-12-24 02:00:00,0.0
aa9c3ce25421e6231742320435,2024-12-24 03:00:00,0.0
aa9c3ce25421e6231742320435,2024-12-24 04:00:00,0.0
aa9c3ce25421e6231742320435,2024-12-24 05:00:00,0.0
aa9c3ce25421e6231742320435,2024-12-24 06:00:00,0.0
aa9c3ce25421e6231742320435,2024-12-24 07:00:00,0.0
aa9c3ce25421e6231742320435,2024-12-24 08:00:00,0.0
aa9c3ce25421e6231742320435,2024-12-24 09:00:00,0.0
aa9c3ce25421e6231742320435,2024-12-24 10:00:00,0.0
aa9c3ce25421e6231742320435,2024-12-24 11:00:00,0.0
aa9c3ce25421e6231742320435,2024-12-24 12:00:00,0.0
aa9c3ce25421e6231742320435,2024-12-24 13:00:00,0.0
aa9c3ce25421e6231742320435,2024-12-24 14:00:00,0.0
aa9c3ce25421e6231742320435,2024-12-24 15:00:00,0.0
aa9c3ce25421e6231742320435,2024-12-24 16:00:00,0.0
aa9c3ce25421e6231742320435,2024-12-24 17:00:00,0.0
aa9c3ce25421e6231742320435,2024-12-24 18:00:00,0.0
aa9c3ce25421e6231742320435,2024-12-24 19:00:00,0.0
aa9c3ce25421e6231742320435,2024-12-24 20:00:00,0.0
aa9c3ce25421e6231742320435,2024-12-24 21:00:00,0.0
aa9c3ce25421e6231742320435,2024-12-24 22:00:00,0.0
aa9c3ce25421e6231742320435,2024-12-24 23:00:00,0.0
6f9be12993e8e64a1742388290,2024-12-24 00:00:00,0.964
6f9be12993e8e64a1742388290,2024-12-24 01:00:00,1.535
6f9be12993e8e64a1742388290,2024-12-24 02:00:00,1.27
6f9be12993e8e64a1742388290,2024-12-24 03:00:00,0.979
6f9be12993e8e64a1742388290,2024-12-24 04:00:00,0.244
6f9be12993e8e64a1742388290,2024-12-24 05:00:00,0.243
6f9be12993e8e64a1742388290,2024-12-24 06:00:00,0.24
6f9be12993e8e64a1742388290,2024-12-24 07:00:00,0.395
6f9be12993e8e64a1742388290,2024-12-24 08:00:00,0.974
6f9be12993e8e64a1742388290,2024-12-24 09:00:00,0.964
6f9be12993e8e64a1742388290,2024-12-24 10:00:00,0.446
6f9be12993e8e64a1742388290,2024-12-24 11:00:00,0.322
6f9be12993e8e64a1742388290,2024-12-24 12:00:00,0.228
6f9be12993e8e64a1742388290,2024-12-24 13:00:00,0.69
6f9be12993e8e64a1742388290,2024-12-24 14:00:00,1.992
6f9be12993e8e64a1742388290,2024-12-24 15:00:00,1.107
6f9be12993e8e64a1742388290,2024-12-24 16:00:00,0.313
6f9be12993e8e64a1742388290,2024-12-24 17:00:00,1.249
6f9be12993e8e64a1742388290,2024-12-24 18:00:00,2.334
6f9be12993e8e64a1742388290,2024-12-24 19:00:00,0.547
6f9be12993e8e64a1742388290,2024-12-24 20:00:00,1.166
6f9be12993e8e64a1742388290,2024-12-24 21:00:00,1.132
6f9be12993e8e64a1742388290,2024-12-24 22:00:00,0.489
6f9be12993e8e64a1742388290,2024-12-24 23:00:00,1.521
30a9acf4c93990491742459874,2024-12-24 00:00:00,0.089
30a9acf4c93990491742459874,2024-12-24 01:00:00,0.078
30a9acf4c93990491742459874,2024-12-24 02:00:00,0.102
30a9acf4c93990491742459874,2024-12-24 03:00:00,0.099
30a9acf4c93990491742459874,2024-12-24 04:00:00,0.178
30a9acf4c93990491742459874,2024-12-24 05:00:00,0.071
30a9acf4c93990491742459874,2024-12-24 06:00:00,0.127
30a9acf4c93990491742459874,2024-12-24 07:00:00,0.523
30a9acf4c93990491742459874,2024-12-24 08:00:00,0.756
30a9acf4c93990491742459874,2024-12-24 09:00:00,1.491
30a9acf4c93990491742459874,2024-12-24 10:00:00,1.26
30a9acf4c93990491742459874,2024-12-24 11:00:00,0.738
30a9acf4c93990491742459874,2024-12-24 12:00:00,1.466
30a9acf4c93990491742459874,2024-12-24 13:00:00,2.622
30a9acf4c93990491742459874,2024-12-24 14:00:00,1.806
30a9acf4c93990491742459874,2024-12-24 15:00:00,0.788
30a9acf4c93990491742459874,2024-12-24 16:00:00,0.356
30a9acf4c93990491742459874,2024-12-24 17:00:00,0.418
30a9acf4c93990491742459874,2024-12-24 18:00:00,1.357
30a9acf4c93990491742459874,2024-12-24 19:00:00,0.494
30a9acf4c93990491742459874,2024-12-24 20:00:00,0.264
30a9acf4c93990491742459874,2024-12-24 21:00:00,0.248
30a9acf4c93990491742459874,2024-12-24 22:00:00,0.056
30a9acf4c93990491742459874,2024-12-24 23:00:00,0.074
0c3b30cd247fe6ff1742854250,2024-12-24 00:00:00,0.076
0c3b30cd247fe6ff1742854250,2024-12-24 01:00:00,0.077
0c3b30cd247fe6ff1742854250,2024-12-24 02:00:00,0.095
0c3b30cd247fe6ff1742854250,2024-12-24 03:00:00,0.107
0c3b30cd247fe6ff1742854250,2024-12-24 04:00:00,0.044
0c3b30cd247fe6ff1742854250,2024-12-24 05:00:00,0.042
0c3b30cd247fe6ff1742854250,2024-12-24 06:00:00,0.041
0c3b30cd247fe6ff1742854250,2024-12-24 07:00:00,0.043
0c3b30cd247fe6ff1742854250,2024-12-24 08:00:00,0.048
0c3b30cd247fe6ff1742854250,2024-12-24 09:00:00,0.048
0c3b30cd247fe6ff1742854250,2024-12-24 10:00:00,0.045
0c3b30cd247fe6ff1742854250,2024-12-24 11:00:00,0.054
0c3b30cd247fe6ff1742854250,2024-12-24 12:00:00,0.111
0c3b30cd247fe6ff1742854250,2024-12-24 13:00:00,0.072
0c3b30cd247fe6ff1742854250,2024-12-24 14:00:00,0.047
0c3b30cd247fe6ff1742854250,2024-12-24 15:00:00,0.041
0c3b30cd247fe6ff1742854250,2024-12-24 16:00:00,0.04
0c3b30cd247fe6ff1742854250,2024-12-24 17:00:00,0.046
0c3b30cd247fe6ff1742854250,2024-12-24 18:00:00,0.047
0c3b30cd247fe6ff1742854250,2024-12-24 19:00:00,0.081
0c3b30cd247fe6ff1742854250,2024-12-24 20:00:00,0.332
0c3b30cd247fe6ff1742854250,2024-12-24 21:00:00,0.795
0c3b30cd247fe6ff1742854250,2024-12-24 22:00:00,0.384
0c3b30cd247fe6ff1742854250,2024-12-24 23:00:00,0.061
c2a91e3d7222f6d51743069686,2024-12-24 00:00:00,0.861
c2a91e3d7222f6d51743069686,2024-12-24 01:00:00,0.702
c2a91e3d7222f6d51743069686,2024-12-24 02:00:00,0.624
c2a91e3d7222f6d51743069686,2024-12-24 03:00:00,0.491
c2a91e3d7222f6d51743069686,2024-12-24 04:00:00,0.676
c2a91e3d7222f6d51743069686,2024-12-24 05:00:00,0.88
c2a91e3d7222f6d51743069686,2024-12-24 06:00:00,0.517
c2a91e3d7222f6d51743069686,2024-12-24 07:00:00,0.671
c2a91e3d7222f6d51743069686,2024-12-24 08:00:00,0.753
c2a91e3d7222f6d51743069686,2024-12-24 09:00:00,0.584
c2a91e3d7222f6d51743069686,2024-12-24 10:00:00,1.937
c2a91e3d7222f6d51743069686,2024-12-24 11:00:00,0.756
c2a91e3d7222f6d51743069686,2024-12-24 12:00:00,1.273
c2a91e3d7222f6d51743069686,2024-12-24 13:00:00,0.838
c2a91e3d7222f6d51743069686,2024-12-24 14:00:00,0.966
c2a91e3d7222f6d51743069686,2024-12-24 15:00:00,0.796
c2a91e3d7222f6d51743069686,2024-12-24 16:00:00,0.744
c2a91e3d7222f6d51743069686,2024-12-24 17:00:00,1.111
c2a91e3d7222f6d51743069686,2024-12-24 18:00:00,0.638
c2a91e3d7222f6d51743069686,2024-12-24 19:00:00,0.766
c2a91e3d7222f6d51743069686,2024-12-24 20:00:00,0.88
c2a91e3d7222f6d51743069686,2024-12-24 21:00:00,1.812
c2a91e3d7222f6d51743069686,2024-12-24 22:00:00,1.012
c2a91e3d7222f6d51743069686,2024-12-24 23:00:00,0.756
1fecd574c4e953d91743336917,2024-12-24 00:00:00,1.704
1fecd574c4e953d91743336917,2024-12-24 01:00:00,1.475
1fecd574c4e953d91743336917,2024-12-24 02:00:00,1.676
1fecd574c4e953d91743336917,2024-12-24 03:00:00,1.582
1fecd574c4e953d91743336917,2024-12-24 04:00:00,1.855
1fecd574c4e953d91743336917,2024-12-24 05:00:00,1.678
1fecd574c4e953d91743336917,2024-12-24 06:00:00,1.664
1fecd574c4e953d91743336917,2024-12-24 07:00:00,1.596
1fecd574c4e953d91743336917,2024-12-24 08:00:00,1.649
1fecd574c4e953d91743336917,2024-12-24 09:00:00,1.75
1fecd574c4e953d91743336917,2024-12-24 10:00:00,2.642
1fecd574c4e953d91743336917,2024-12-24 11:00:00,2.106
1fecd574c4e953d91743336917,2024-12-24 12:00:00,2.138
1fecd574c4e953d91743336917,2024-12-24 13:00:00,2.738
1fecd574c4e953d91743336917,2024-12-24 14:00:00,1.673
1fecd574c4e953d91743336917,2024-12-24 15:00:00,1.658
1fecd574c4e953d91743336917,2024-12-24 16:00:00,1.505
1fecd574c4e953d91743336917,2024-12-24 17:00:00,1.488
1fecd574c4e953d91743336917,2024-12-24 18:00:00,1.637
1fecd574c4e953d91743336917,2024-12-24 19:00:00,1.552
1fecd574c4e953d91743336917,2024-12-24 20:00:00,1.587
1fecd574c4e953d91743336917,2024-12-24 21:00:00,1.467
1fecd574c4e953d91743336917,2024-12-24 22:00:00,1.558
1fecd574c4e953d91743336917,2024-12-24 23:00:00,1.711
ed2284e75ccc65c31743346721,2024-12-24 00:00:00,0.048
ed2284e75ccc65c31743346721,2024-12-24 01:00:00,0.027
ed2284e75ccc65c31743346721,2024-12-24 02:00:00,0.056
ed2284e75ccc65c31743346721,2024-12-24 03:00:00,0.022
ed2284e75ccc65c31743346721,2024-12-24 04:00:00,0.054
ed2284e75ccc65c31743346721,2024-12-24 05:00:00,0.043
ed2284e75ccc65c31743346721,2024-12-24 06:00:00,0.032
ed2284e75ccc65c31743346721,2024-12-24 07:00:00,0.057
ed2284e75ccc65c31743346721,2024-12-24 08:00:00,0.019
ed2284e75ccc65c31743346721,2024-12-24 09:00:00,0.055
ed2284e75ccc65c31743346721,2024-12-24 10:00:00,0.046
ed2284e75ccc65c31743346721,2024-12-24 11:00:00,0.029
ed2284e75ccc65c31743346721,2024-12-24 12:00:00,0.057
ed2284e75ccc65c31743346721,2024-12-24 13:00:00,0.025
ed2284e75ccc65c31743346721,2024-12-24 14:00:00,0.05
ed2284e75ccc65c31743346721,2024-12-24 15:00:00,0.05
ed2284e75ccc65c31743346721,2024-12-24 16:00:00,0.025
ed2284e75ccc65c31743346721,2024-12-24 17:00:00,0.063
ed2284e75ccc65c31743346721,2024-12-24 18:00:00,0.068
ed2284e75ccc65c31743346721,2024-12-24 19:00:00,0.043
ed2284e75ccc65c31743346721,2024-12-24 20:00:00,0.056
ed2284e75ccc65c31743346721,2024-12-24 21:00:00,0.019
ed2284e75ccc65c31743346721,2024-12-24 22:00:00,0.056
ed2284e75ccc65c31743346721,2024-12-24 23:00:00,0.039
51938054027b94021743707452,2024-12-24 00:00:00,0.238
51938054027b94021743707452,2024-12-24 01:00:00,0.433
51938054027b94021743707452,2024-12-24 02:00:00,0.93
51938054027b94021743707452,2024-12-24 03:00:00,0.316
51938054027b94021743707452,2024-12-24 04:00:00,0.311
51938054027b94021743707452,2024-12-24 05:00:00,0.139
51938054027b94021743707452,2024-12-24 06:00:00,0.055
51938054027b94021743707452,2024-12-24 07:00:00,0.049
51938054027b94021743707452,2024-12-24 08:00:00,0.048
51938054027b94021743707452,2024-12-24 09:00:00,0.091
51938054027b94021743707452,2024-12-24 10:00:00,0.22
51938054027b94021743707452,2024-12-24 11:00:00,0.976
51938054027b94021743707452,2024-12-24 12:00:00,1.348
51938054027b94021743707452,2024-12-24 13:00:00,1.069
51938054027b94021743707452,2024-12-24 14:00:00,0.114
51938054027b94021743707452,2024-12-24 15:00:00,1.295
51938054027b94021743707452,2024-12-24 16:00:00,0.464
51938054027b94021743707452,2024-12-24 17:00:00,1.249
51938054027b94021743707452,2024-12-24 18:00:00,0.511
51938054027b94021743707452,2024-12-24 19:00:00,0.294
51938054027b94021743707452,2024-12-24 20:00:00,0.401
51938054027b94021743707452,2024-12-24 21:00:00,0.312
51938054027b94021743707452,2024-12-24 22:00:00,0.369
51938054027b94021743707452,2024-12-24 23:00:00,1.327
94a4157616804ae51743754974,2024-12-24 00:00:00,0.418
94a4157616804ae51743754974,2024-12-24 01:00:00,0.651
94a4157616804ae51743754974,2024-12-24 02:00:00,0.668
94a4157616804ae51743754974,2024-12-24 03:00:00,0.295
94a4157616804ae51743754974,2024-12-24 04:00:00,0.226
94a4157616804ae51743754974,2024-12-24 05:00:00,0.154
94a4157616804ae51743754974,2024-12-24 06:00:00,0.155
94a4157616804ae51743754974,2024-12-24 07:00:00,0.232
94a4157616804ae51743754974,2024-12-24 08:00:00,0.213
94a4157616804ae51743754974,2024-12-24 09:00:00,0.133
94a4157616804ae51743754974,2024-12-24 10:00:00,0.254
94a4157616804ae51743754974,2024-12-24 11:00:00,0.4
94a4157616804ae51743754974,2024-12-24 12:00:00,0.221
94a4157616804ae51743754974,2024-12-24 13:00:00,0.139
94a4157616804ae51743754974,2024-12-24 14:00:00,0.234
94a4157616804ae51743754974,2024-12-24 15:00:00,0.238
94a4157616804ae51743754974,2024-12-24 16:00:00,0.399
94a4157616804ae51743754974,2024-12-24 17:00:00,0.42
94a4157616804ae51743754974,2024-12-24 18:00:00,0.435
94a4157616804ae51743754974,2024-12-24 19:00:00,0.255
94a4157616804ae51743754974,2024-12-24 20:00:00,0.415
94a4157616804ae51743754974,2024-12-24 21:00:00,0.342
94a4157616804ae51743754974,2024-12-24 22:00:00,0.293
94a4157616804ae51743754974,2024-12-24 23:00:00,0.201
db411f5ca692321d1743780294,2024-12-24 00:00:00,1.895
db411f5ca692321d1743780294,2024-12-24 01:00:00,2.313
db411f5ca692321d1743780294,2024-12-24 02:00:00,1.733
db411f5ca692321d1743780294,2024-12-24 03:00:00,1.814
db411f5ca692321d1743780294,2024-12-24 04:00:00,1.866
db411f5ca692321d1743780294,2024-12-24 05:00:00,1.5
db411f5ca692321d1743780294,2024-12-24 06:00:00,1.266
db411f5ca692321d1743780294,2024-12-24 07:00:00,1.115
db411f5ca692321d1743780294,2024-12-24 08:00:00,1.752
db411f5ca692321d1743780294,2024-12-24 09:00:00,1.334
db411f5ca692321d1743780294,2024-12-24 10:00:00,1.176
db411f5ca692321d1743780294,2024-12-24 11:00:00,1.241
db411f5ca692321d1743780294,2024-12-24 12:00:00,1.36
db411f5ca692321d1743780294,2024-12-24 13:00:00,1.532
db411f5ca692321d1743780294,2024-12-24 14:00:00,1.894
db411f5ca692321d1743780294,2024-12-24 15:00:00,2.28
db411f5ca692321d1743780294,2024-12-24 16:00:00,1.832
db411f5ca692321d1743780294,2024-12-24 17:00:00,2.623
db411f5ca692321d1743780294,2024-12-24 18:00:00,1.943
db411f5ca692321d1743780294,2024-12-24 19:00:00,2.061
db411f5ca692321d1743780294,2024-12-24 20:00:00,1.542
db411f5ca692321d1743780294,2024-12-24 21:00:00,2.592
db411f5ca692321d1743780294,2024-12-24 22:00:00,2.968
db411f5ca692321d1743780294,2024-12-24 23:00:00,2.695
44e2cb4caa1616d61743847885,2024-12-24 00:00:00,1.053
44e2cb4caa1616d61743847885,2024-12-24 01:00:00,1.968
44e2cb4caa1616d61743847885,2024-12-24 02:00:00,0.542
44e2cb4caa1616d61743847885,2024-12-24 03:00:00,1.287
44e2cb4caa1616d61743847885,2024-12-24 04:00:00,0.921
44e2cb4caa1616d61743847885,2024-12-24 05:00:00,0.798
44e2cb4caa1616d61743847885,2024-12-24 06:00:00,2.023
44e2cb4caa1616d61743847885,2024-12-24 07:00:00,0.677
44e2cb4caa1616d61743847885,2024-12-24 08:00:00,1.3
44e2cb4caa1616d61743847885,2024-12-24 09:00:00,1.41
44e2cb4caa1616d61743847885,2024-12-24 10:00:00,0.403
44e2cb4caa1616d61743847885,2024-12-24 11:00:00,2.547
44e2cb4caa1616d61743847885,2024-12-24 12:00:00,1.476
44e2cb4caa1616d61743847885,2024-12-24 13:00:00,0.986
44e2cb4caa1616d61743847885,2024-12-24 14:00:00,2.955
44e2cb4caa1616d61743847885,2024-12-24 15:00:00,4.861
44e2cb4caa1616d61743847885,2024-12-24 16:00:00,3.294
44e2cb4caa1616d61743847885,2024-12-24 17:00:00,1.471
44e2cb4caa1616d61743847885,2024-12-24 18:00:00,3.106
44e2cb4caa1616d61743847885,2024-12-24 19:00:00,0.96
44e2cb4caa1616d61743847885,2024-12-24 20:00:00,1.669
44e2cb4caa1616d61743847885,2024-12-24 21:00:00,1.601
44e2cb4caa1616d61743847885,2024-12-24 22:00:00,0.715
44e2cb4caa1616d61743847885,2024-12-24 23:00:00,2.022
b8a7bf93df1214f71743933461,2024-12-24 00:00:00,0.124
b8a7bf93df1214f71743933461,2024-12-24 01:00:00,0.119
b8a7bf93df1214f71743933461,2024-12-24 02:00:00,0.064
b8a7bf93df1214f71743933461,2024-12-24 03:00:00,0.044
b8a7bf93df1214f71743933461,2024-12-24 04:00:00,0.28
b8a7bf93df1214f71743933461,2024-12-24 05:00:00,0.148
b8a7bf93df1214f71743933461,2024-12-24 06:00:00,0.144
b8a7bf93df1214f71743933461,2024-12-24 07:00:00,0.041
b8a7bf93df1214f71743933461,2024-12-24 08:00:00,0.132
b8a7bf93df1214f71743933461,2024-12-24 09:00:00,0.284
b8a7bf93df1214f71743933461,2024-12-24 10:00:00,0.066
b8a7bf93df1214f71743933461,2024-12-24 11:00:00,0.051
b8a7bf93df1214f71743933461,2024-12-24 12:00:00,0.057
b8a7bf93df1214f71743933461,2024-12-24 13:00:00,0.065
b8a7bf93df1214f71743933461,2024-12-24 14:00:00,0.065
b8a7bf93df1214f71743933461,2024-12-24 15:00:00,0.17
b8a7bf93df1214f71743933461,2024-12-24 16:00:00,0.228
b8a7bf93df1214f71743933461,2024-12-24 17:00:00,0.187
b8a7bf93df1214f71743933461,2024-12-24 18:00:00,0.154
b8a7bf93df1214f71743933461,2024-12-24 19:00:00,0.147
b8a7bf93df1214f71743933461,2024-12-24 20:00:00,0.063
b8a7bf93df1214f71743933461,2024-12-24 21:00:00,0.07
b8a7bf93df1214f71743933461,2024-12-24 22:00:00,0.069
b8a7bf93df1214f71743933461,2024-12-24 23:00:00,0.066
cb87275c311224361744036961,2024-12-24 00:00:00,2.085
cb87275c311224361744036961,2024-12-24 01:00:00,2.05
cb87275c311224361744036961,2024-12-24 02:00:00,2.396
cb87275c311224361744036961,2024-12-24 03:00:00,2.182
cb87275c311224361744036961,2024-12-24 04:00:00,2.162
cb87275c311224361744036961,2024-12-24 05:00:00,2.082
cb87275c311224361744036961,2024-12-24 06:00:00,2.353
cb87275c311224361744036961,2024-12-24 07:00:00,2.076
cb87275c311224361744036961,2024-12-24 08:00:00,2.137
cb87275c311224361744036961,2024-12-24 09:00:00,2.181
cb87275c311224361744036961,2024-12-24 10:00:00,2.053
cb87275c311224361744036961,2024-12-24 11:00:00,2.06
cb87275c311224361744036961,2024-12-24 12:00:00,2.247
cb87275c311224361744036961,2024-12-24 13:00:00,2.421
cb87275c311224361744036961,2024-12-24 14:00:00,2.285
cb87275c311224361744036961,2024-12-24 15:00:00,2.274
cb87275c311224361744036961,2024-12-24 16:00:00,2.232
cb87275c311224361744036961,2024-12-24 17:00:00,1.958
cb87275c311224361744036961,2024-12-24 18:00:00,2.068
cb87275c311224361744036961,2024-12-24 19:00:00,1.895
cb87275c311224361744036961,2024-12-24 20:00:00,2.238
cb87275c311224361744036961,2024-12-24 21:00:00,2.066
cb87275c311224361744036961,2024-12-24 22:00:00,1.964
cb87275c311224361744036961,2024-12-24 23:00:00,2.283
